exp_name,file_name,model,kinase_variant,kinase_zipper,pptase_variant,pptase_zipper,kinase2_variant,kinase2_zipper,substrate_col,phospho_col,kinase_col,pptase_col,kinase2_col,kinase2phospho_col,KS_stat,mean_pplation,geomean_pplation
substrate_only,substrate,substrate_only,,,,,,,ST,SpT,WT,,,,0.159977569,91.88478383169091,69.11680372119594
non-pplatable,SD,non-pplatable,174,L+A,,,,,ST,SpT,WT,,,,1.0,85.17649399543215,62.93009630910711
kinase_dead,KD,push,kinase_dead,L+A,,,,,ST,SpT,WT,,,,0.238627013,91.7890832623351,69.5305432039363
kinase_non-binding,RR,push,kinase_wt,kinase_non-binding,,,,,ST,SpT,WT,,,,0.065524457,694.4945316867288,181.14052179556055
kinase_variant_375,375,push,375,L+A,,,,,ST,SpT,WT,,,,0.043069097,303.831578175574,148.6615907358441
kinase_variant_419,419,push,419,L+A,,,,,ST,SpT,WT,,,,0.111604809,1402.3925517083167,402.33759991694586
kinase_zipper_E+A,S+E,push,kinase_wt,E+A,,,,,ST,SpT,WT,,,,0.10139553,3291.927647122624,660.2901793308215
kinase_zipper_E+E,E+E,push,kinase_wt,E+E,,,,,ST,SpT,WT,,,,0.158022862,1781.8510249873623,399.6489194367997
kinase_zipper_L+A,L+A,push,kinase_wt,L+A,,,,,ST,SpT,WT,,,,0.285520974,4661.105657163598,934.4897415973552
L3,L3,push,kinase_wt,L+A,,,,,ST,SpT,WT,,,,0.175737565,752.5763056607168,236.6546414734419
L7,L7,push,kinase_wt,L+A,,,,,ST,SpT,WT,,,,0.092148232,184.39020199193862,109.2592465800163
pptase_dead,pptase_dead,pushpull,kinase_wt,L+A,pptase_dead,L+A,,,ST,SpT,WT,pptase,,,0.260979021,4994.175685652611,836.5355048781223
pptase_non-binding,pptase_nonbinding,pushpull,kinase_wt,L+A,pptase_wt,pptase_non-binding,,,ST,SpT,WT,pptase,,,0.253571766,4105.083825358631,823.9668724686601
pptase,pptase,pushpull,kinase_wt,L+A,pptase_wt,L+A,,,ST,SpT,WT,pptase,,,0.098428945,1547.7548010445516,300.2115821387667
pptase_weak,pptase_weak,pushpull,kinase_wt,L+A,pptase_weak,L+A,,,ST,SpT,WT,pptase,,,0.045217185,2842.7761684291645,506.0087357727753
pptase_low,pptase_low,pushpull,kinase_wt,L+A,pptase_wt,L+A,,,ST,SpT,WT,pptase,,,0.13887871,2009.0857427043734,396.2970913242715
16,L+A,push,375,L+A,,,,,ST,SpT,WT,,,,,374.5540339395649,163.9879196915343
17,L+A,push,419,L+A,,,,,ST,SpT,WT,,,,,1405.308492058864,362.9549427118339
18,S+E,push,375,E+A,,,,,ST,SpT,WT,,,,,284.3306088674765,128.20285641064172
19,S+E,push,419,E+A,,,,,ST,SpT,WT,,,,,823.6671636240958,249.0752598616103
20,E+E,push,375,E+E,,,,,ST,SpT,WT,,,,,183.04024964200093,98.31778451322906
21,E+E,push,419,E+E,,,,,ST,SpT,WT,,,,,494.99224241693315,165.14058656969308
22,RR,push,375,kinase_non-binding,,,,,ST,SpT,WT,,,,,110.64415992133917,78.39878764969714
23,RR,push,419,kinase_non-binding,,,,,ST,SpT,WT,,,,,180.4364647906406,98.2945049745432
24,L3,push,375,L+A,,,,,ST,SpT,WT,,,,,114.0727608287762,82.52816988196795
25,L3,push,419,L+A,,,,,ST,SpT,WT,,,,,199.92092012401793,114.87455985709721
26,L3,push,375,E+A,,,,,ST,SpT,WT,,,,,112.04891584752363,80.28576950165208
27,L3,push,419,E+A,,,,,ST,SpT,WT,,,,,179.66536673598267,108.19149236770731
28,L3,push,375,E+E,,,,,ST,SpT,WT,,,,,103.11668841065415,76.34146748429188
29,L3,push,419,E+E,,,,,ST,SpT,WT,,,,,153.21285044803946,95.05151057884285
30,L3,push,375,kinase_non-binding,,,,,ST,SpT,WT,,,,,92.18238020613043,69.16180704625417
31,L3,push,419,kinase_non-binding,,,,,ST,SpT,WT,,,,,100.37530769877004,73.72908746314715
32,L7,push,375,L+A,,,,,ST,SpT,WT,,,,,94.75646384216263,70.91525799618654
33,L7,push,419,L+A,,,,,ST,SpT,WT,,,,,109.24175366665219,77.87353675962491
34,L7,push,375,E+A,,,,,ST,SpT,WT,,,,,92.8496693997577,68.95370935876801
35,L7,push,419,E+A,,,,,ST,SpT,WT,,,,,102.96435897551423,76.08887333489572
36,L7,push,375,E+E,,,,,ST,SpT,WT,,,,,92.38433689446504,68.30375441940602
37,L7,push,419,E+E,,,,,ST,SpT,WT,,,,,93.48726900268782,69.85336913992307
38,L7,push,375,kinase_non-binding,,,,,ST,SpT,WT,,,,,89.08389625316465,67.29388361750482
39,L7,push,419,kinase_non-binding,,,,,ST,SpT,WT,,,,,90.75431585773578,68.12523916237201
40,pptase,pushpull,375,L+A,pptase_wt,L+A,,,ST,SpT,WT,pptase,,,,144.92055119017076,85.31773631396634
41,pptase,pushpull,419,L+A,pptase_wt,L+A,,,ST,SpT,WT,pptase,,,,391.6429752683669,126.63610864607135
42,pptase,pushpull,375,E+A,pptase_wt,L+A,,,ST,SpT,WT,pptase,,,,106.1781197466329,73.16164738084852
43,pptase,pushpull,419,E+A,pptase_wt,L+A,,,ST,SpT,WT,pptase,,,,189.08475296458172,87.09414328423988
44,pptase,pushpull,375,E+E,pptase_wt,L+A,,,ST,SpT,WT,pptase,,,,104.23596646247388,71.94553058564603
45,pptase,pushpull,419,E+E,pptase_wt,L+A,,,ST,SpT,WT,pptase,,,,163.4569834886057,82.36953706298019
46,pptase,pushpull,375,kinase_non-binding,pptase_wt,L+A,,,ST,SpT,WT,pptase,,,,92.84977573253452,67.72640876212358
47,pptase,pushpull,419,kinase_non-binding,pptase_wt,L+A,,,ST,SpT,WT,pptase,,,,122.01796403854699,73.41939721613713
48,pptase_nonbinding,pushpull,375,L+A,pptase_wt,pptase_non-binding,,,ST,SpT,WT,pptase,,,,319.5868465942792,144.6230450053773
49,pptase_nonbinding,pushpull,419,L+A,pptase_wt,pptase_non-binding,,,ST,SpT,WT,pptase,,,,1134.6211234085265,320.84091895735344
50,pptase_nonbinding,pushpull,375,E+A,pptase_wt,pptase_non-binding,,,ST,SpT,WT,pptase,,,,310.4669880146454,137.7716284856405
51,pptase_nonbinding,pushpull,419,E+A,pptase_wt,pptase_non-binding,,,ST,SpT,WT,pptase,,,,1197.6936165466777,282.8508354529925
52,pptase_nonbinding,pushpull,375,E+E,pptase_wt,pptase_non-binding,,,ST,SpT,WT,pptase,,,,244.4705823292377,116.34238715145861
53,pptase_nonbinding,pushpull,419,E+E,pptase_wt,pptase_non-binding,,,ST,SpT,WT,pptase,,,,719.8883795522618,214.29763901481564
54,pptase_nonbinding,pushpull,375,kinase_non-binding,pptase_wt,pptase_non-binding,,,ST,SpT,WT,pptase,,,,130.35281975720957,81.21592387372817
55,pptase_nonbinding,pushpull,419,kinase_non-binding,pptase_wt,pptase_non-binding,,,ST,SpT,WT,pptase,,,,238.54569884924265,109.005558391652
56,pptase_weak,pushpull,375,L+A,pptase_weak,L+A,,,ST,SpT,WT,pptase,,,,233.45990396428263,108.48826291991456
57,pptase_weak,pushpull,419,L+A,pptase_weak,L+A,,,ST,SpT,WT,pptase,,,,698.1232808982215,191.53244182142168
58,pptase_weak,pushpull,375,E+A,pptase_weak,L+A,,,ST,SpT,WT,pptase,,,,156.43567300128322,84.18739311176664
59,pptase_weak,pushpull,419,E+A,pptase_weak,L+A,,,ST,SpT,WT,pptase,,,,446.22675872367773,107.2096839016168
60,pptase_weak,pushpull,375,E+E,pptase_weak,L+A,,,ST,SpT,WT,pptase,,,,163.6766152039667,80.6819192655569
61,pptase_weak,pushpull,419,E+E,pptase_weak,L+A,,,ST,SpT,WT,pptase,,,,354.8902555223872,97.15552089372991
62,pptase_weak,pushpull,375,kinase_non-binding,pptase_weak,L+A,,,ST,SpT,WT,pptase,,,,103.85888448406955,72.09584162559554
63,pptase_weak,pushpull,419,kinase_non-binding,pptase_weak,L+A,,,ST,SpT,WT,pptase,,,,167.79780496437445,81.04973063972741
64,pptase_weak,pushpull,375,L+A,pptase_weak,pptase_non-binding,,,ST,SpT,WT,pptase,,,,303.0239859441168,139.50015984815028
65,pptase_weak,pushpull,419,L+A,pptase_weak,pptase_non-binding,,,ST,SpT,WT,pptase,,,,1241.1649711721486,291.0697699753161
66,pptase_weak,pushpull,375,E+A,pptase_weak,pptase_non-binding,,,ST,SpT,WT,pptase,,,,272.4262106262445,129.51465179603719
67,pptase_weak,pushpull,419,E+A,pptase_weak,pptase_non-binding,,,ST,SpT,WT,pptase,,,,1205.0621426509501,266.2777014026356
68,pptase_weak,pushpull,375,E+E,pptase_weak,pptase_non-binding,,,ST,SpT,WT,pptase,,,,253.95161675304416,113.74452574990202
69,pptase_weak,pushpull,419,E+E,pptase_weak,pptase_non-binding,,,ST,SpT,WT,pptase,,,,844.5266781136891,204.71188695623314
70,pptase_weak,pushpull,375,kinase_non-binding,pptase_weak,pptase_non-binding,,,ST,SpT,WT,pptase,,,,140.7910110053625,82.6225256873541
71,pptase_weak,pushpull,419,kinase_non-binding,pptase_weak,pptase_non-binding,,,ST,SpT,WT,pptase,,,,266.3524804352336,105.39764287670691
72,pptase_low,pushpull,375,L+A,pptase_wt,L+A,,,ST,SpT,WT,pptase,,,,191.07327723713652,95.88828630857226
73,pptase_low,pushpull,419,L+A,pptase_wt,L+A,,,ST,SpT,WT,pptase,,,,524.1372061738996,158.94205899241504
74,pptase_low,pushpull,375,E+A,pptase_wt,L+A,,,ST,SpT,WT,pptase,,,,212.71903033542776,88.55794717378862
75,pptase_low,pushpull,419,E+A,pptase_wt,L+A,,,ST,SpT,WT,pptase,,,,464.1833270825508,131.95150025616005
76,pptase_low,pushpull,375,E+E,pptase_wt,L+A,,,ST,SpT,WT,pptase,,,,149.16808063310378,83.38146161322351
77,pptase_low,pushpull,419,E+E,pptase_wt,L+A,,,ST,SpT,WT,pptase,,,,317.5886129504066,115.3937772883703
78,pptase_low,pushpull,375,kinase_non-binding,pptase_wt,L+A,,,ST,SpT,WT,pptase,,,,106.5835658949028,73.04043666783792
79,pptase_low,pushpull,419,kinase_non-binding,pptase_wt,L+A,,,ST,SpT,WT,pptase,,,,177.83146921002526,83.04399736768102
80,pptase_low,pushpull,375,L+A,pptase_wt,pptase_non-binding,,,ST,SpT,WT,pptase,,,,311.0220509914438,137.06712974018376
81,pptase_low,pushpull,419,L+A,pptase_wt,pptase_non-binding,,,ST,SpT,WT,pptase,,,,1046.5280610191894,281.00683660261006
82,pptase_low,pushpull,375,E+A,pptase_wt,pptase_non-binding,,,ST,SpT,WT,pptase,,,,259.99649176066015,126.6111449891318
83,pptase_low,pushpull,419,E+A,pptase_wt,pptase_non-binding,,,ST,SpT,WT,pptase,,,,926.1115945835207,255.92780000757057
84,pptase_low,pushpull,375,E+E,pptase_wt,pptase_non-binding,,,ST,SpT,WT,pptase,,,,205.76499499992082,109.9832558463262
85,pptase_low,pushpull,419,E+E,pptase_wt,pptase_non-binding,,,ST,SpT,WT,pptase,,,,756.6368425180061,197.48644968464043
86,pptase_low,pushpull,375,kinase_non-binding,pptase_wt,pptase_non-binding,,,ST,SpT,WT,pptase,,,,132.58486045889467,82.07471901598349
87,pptase_low,pushpull,419,kinase_non-binding,pptase_wt,pptase_non-binding,,,ST,SpT,WT,pptase,,,,272.5310018386728,101.99406722084211
88,pptase_low,pushpull,375,L+A,pptase_weak,L+A,,,ST,SpT,WT,pptase,,,,281.6600499505316,129.95877203106878
89,pptase_low,pushpull,419,L+A,pptase_weak,L+A,,,ST,SpT,WT,pptase,,,,916.6050763834745,250.3501971440057
90,pptase_low,pushpull,375,E+A,pptase_weak,L+A,,,ST,SpT,WT,pptase,,,,251.9221467182573,111.0346204746673
91,pptase_low,pushpull,419,E+A,pptase_weak,L+A,,,ST,SpT,WT,pptase,,,,725.8034513233752,203.07489587937854
92,pptase_low,pushpull,375,E+E,pptase_weak,L+A,,,ST,SpT,WT,pptase,,,,213.16501269012966,100.22888882749145
93,pptase_low,pushpull,419,E+E,pptase_weak,L+A,,,ST,SpT,WT,pptase,,,,720.3904620732217,157.24005637221987
94,pptase_low,pushpull,375,kinase_non-binding,pptase_weak,L+A,,,ST,SpT,WT,pptase,,,,116.91109763904106,78.24695021695733
95,pptase_low,pushpull,419,kinase_non-binding,pptase_weak,L+A,,,ST,SpT,WT,pptase,,,,214.57953012535353,94.08178493766968
96,pptase_low,pushpull,375,L+A,pptase_weak,pptase_non-binding,,,ST,SpT,WT,pptase,,,,305.3381247032697,140.9782591177862
97,pptase_low,pushpull,419,L+A,pptase_weak,pptase_non-binding,,,ST,SpT,WT,pptase,,,,1232.511728137987,290.12893082441997
98,pptase_low,pushpull,375,E+A,pptase_weak,pptase_non-binding,,,ST,SpT,WT,pptase,,,,284.9862796962263,131.1538412819656
99,pptase_low,pushpull,419,E+A,pptase_weak,pptase_non-binding,,,ST,SpT,WT,pptase,,,,969.9841551732021,266.3926306409663
100,pptase_low,pushpull,375,E+E,pptase_weak,pptase_non-binding,,,ST,SpT,WT,pptase,,,,229.64683298418262,113.81033053126369
101,pptase_low,pushpull,419,E+E,pptase_weak,pptase_non-binding,,,ST,SpT,WT,pptase,,,,685.4927109569704,205.24281775031648
102,pptase_low,pushpull,375,kinase_non-binding,pptase_weak,pptase_non-binding,,,ST,SpT,WT,pptase,,,,131.70779791969113,81.85480916537709
103,pptase_low,pushpull,419,kinase_non-binding,pptase_weak,pptase_non-binding,,,ST,SpT,WT,pptase,,,,232.26598659330685,105.75296375437415
104,L7,pushpull,375,L+A,pptase_wt,L+A,,,ST,SpT,WT,pptase,,,,94.28063344505082,70.70786449029573
105,L7,pushpull,419,L+A,pptase_wt,L+A,,,ST,SpT,WT,pptase,,,,105.14625490847759,77.91919381171334
106,L7,pushpull,375,E+A,pptase_wt,L+A,,,ST,SpT,WT,pptase,,,,91.72237970364046,69.32034212327781
107,L7,pushpull,419,E+A,pptase_wt,L+A,,,ST,SpT,WT,pptase,,,,101.2704448062353,75.2187246855805
108,L7,pushpull,375,E+E,pptase_wt,L+A,,,ST,SpT,WT,pptase,,,,91.48074977842735,68.6993645826959
109,L7,pushpull,419,E+E,pptase_wt,L+A,,,ST,SpT,WT,pptase,,,,97.19164781620681,72.73731913752955
110,L7,pushpull,375,kinase_non-binding,pptase_wt,L+A,,,ST,SpT,WT,pptase,,,,91.6367950149944,67.74496610398589
111,L7,pushpull,419,kinase_non-binding,pptase_wt,L+A,,,ST,SpT,WT,pptase,,,,92.03384774850564,69.09565180257306
112,L7,pushpull,375,L+A,pptase_wt,pptase_non-binding,,,ST,SpT,WT,pptase,,,,93.69122463863567,70.2925380577492
113,L7,pushpull,419,L+A,pptase_wt,pptase_non-binding,,,ST,SpT,WT,pptase,,,,105.8981868871247,77.87222418460172
114,L7,pushpull,375,E+A,pptase_wt,pptase_non-binding,,,ST,SpT,WT,pptase,,,,92.33874024863586,69.46051871672368
115,L7,pushpull,419,E+A,pptase_wt,pptase_non-binding,,,ST,SpT,WT,pptase,,,,100.84483948503463,75.24845646946102
116,L7,pushpull,375,E+E,pptase_wt,pptase_non-binding,,,ST,SpT,WT,pptase,,,,91.22905879359658,68.02897518904844
117,L7,pushpull,419,E+E,pptase_wt,pptase_non-binding,,,ST,SpT,WT,pptase,,,,96.17486584715584,72.88230435572027
118,L7,pushpull,375,kinase_non-binding,pptase_wt,pptase_non-binding,,,ST,SpT,WT,pptase,,,,91.28704529123681,67.55155050678687
119,L7,pushpull,419,kinase_non-binding,pptase_wt,pptase_non-binding,,,ST,SpT,WT,pptase,,,,91.25943374081578,67.98325760896644
120,L7,pushpull,375,L+A,pptase_weak,L+A,,,ST,SpT,WT,pptase,,,,93.57608817459035,69.59297035637464
121,L7,pushpull,419,L+A,pptase_weak,L+A,,,ST,SpT,WT,pptase,,,,105.00730827526417,78.04844995386036
122,L7,pushpull,375,E+A,pptase_weak,L+A,,,ST,SpT,WT,pptase,,,,91.74874793033635,68.93714889369346
123,L7,pushpull,419,E+A,pptase_weak,L+A,,,ST,SpT,WT,pptase,,,,103.17028365978645,76.90405399627728
124,L7,pushpull,375,E+E,pptase_weak,L+A,,,ST,SpT,WT,pptase,,,,89.40143756085591,66.66453398560385
125,L7,pushpull,419,E+E,pptase_weak,L+A,,,ST,SpT,WT,pptase,,,,96.42366478247229,72.4810232376486
126,L7,pushpull,375,kinase_non-binding,pptase_weak,L+A,,,ST,SpT,WT,pptase,,,,91.07542744343077,68.35715723958178
127,L7,pushpull,419,kinase_non-binding,pptase_weak,L+A,,,ST,SpT,WT,pptase,,,,91.00289000440107,68.12236214814111
128,L7,pushpull,375,L+A,pptase_weak,pptase_non-binding,,,ST,SpT,WT,pptase,,,,94.33922828250793,70.1121003520842
129,L7,pushpull,419,L+A,pptase_weak,pptase_non-binding,,,ST,SpT,WT,pptase,,,,104.36412629881666,77.92103847200745
130,L7,pushpull,375,E+A,pptase_weak,pptase_non-binding,,,ST,SpT,WT,pptase,,,,92.86244440250573,70.08912477651249
131,L7,pushpull,419,E+A,pptase_weak,pptase_non-binding,,,ST,SpT,WT,pptase,,,,103.40228932781552,76.8225361028142
132,L7,pushpull,375,E+E,pptase_weak,pptase_non-binding,,,ST,SpT,WT,pptase,,,,90.74005410263324,68.57999404601534
133,L7,pushpull,419,E+E,pptase_weak,pptase_non-binding,,,ST,SpT,WT,pptase,,,,94.96508764578599,71.23888352940257
134,L7,pushpull,375,kinase_non-binding,pptase_weak,pptase_non-binding,,,ST,SpT,WT,pptase,,,,89.98254675968343,67.38134826874254
135,L7,pushpull,419,kinase_non-binding,pptase_weak,pptase_non-binding,,,ST,SpT,WT,pptase,,,,91.2196038674741,68.06936230044893
136,L7,pushpull,375,L+A,pptase_wt,L+A,,,ST,SpT,WT,pptase,,,,94.24479396957342,70.40318986844741
137,L7,pushpull,419,L+A,pptase_wt,L+A,,,ST,SpT,WT,pptase,,,,103.75346180661568,77.69590517810137
138,L7,pushpull,375,E+A,pptase_wt,L+A,,,ST,SpT,WT,pptase,,,,93.7048897102748,70.59687908924877
139,L7,pushpull,419,E+A,pptase_wt,L+A,,,ST,SpT,WT,pptase,,,,102.9904808345642,76.1624004202533
140,L7,pushpull,375,E+E,pptase_wt,L+A,,,ST,SpT,WT,pptase,,,,91.97941707814249,68.73420799079236
141,L7,pushpull,419,E+E,pptase_wt,L+A,,,ST,SpT,WT,pptase,,,,96.31776644967468,71.20280658356324
142,L7,pushpull,375,kinase_non-binding,pptase_wt,L+A,,,ST,SpT,WT,pptase,,,,90.61274790750268,68.07406327944766
143,L7,pushpull,419,kinase_non-binding,pptase_wt,L+A,,,ST,SpT,WT,pptase,,,,92.7371164470216,70.00200378466067
144,L7,pushpull,375,L+A,pptase_wt,pptase_non-binding,,,ST,SpT,WT,pptase,,,,93.22953789657753,69.86852318332106
145,L7,pushpull,419,L+A,pptase_wt,pptase_non-binding,,,ST,SpT,WT,pptase,,,,105.79002807708636,77.96876685442908
146,L7,pushpull,375,E+A,pptase_wt,pptase_non-binding,,,ST,SpT,WT,pptase,,,,91.30034564225608,68.9952596446587
147,L7,pushpull,419,E+A,pptase_wt,pptase_non-binding,,,ST,SpT,WT,pptase,,,,100.68447917132407,75.21961618866284
148,L7,pushpull,375,E+E,pptase_wt,pptase_non-binding,,,ST,SpT,WT,pptase,,,,92.1704333755746,68.71056176521199
149,L7,pushpull,419,E+E,pptase_wt,pptase_non-binding,,,ST,SpT,WT,pptase,,,,96.62621077292899,72.16322889388897
150,L7,pushpull,375,kinase_non-binding,pptase_wt,pptase_non-binding,,,ST,SpT,WT,pptase,,,,90.03152473348928,67.39326371235474
151,L7,pushpull,419,kinase_non-binding,pptase_wt,pptase_non-binding,,,ST,SpT,WT,pptase,,,,87.99518516192066,66.21650332707426
152,L7,pushpull,375,L+A,pptase_weak,L+A,,,ST,SpT,WT,pptase,,,,93.77864666943164,70.90491809311463
153,L7,pushpull,419,L+A,pptase_weak,L+A,,,ST,SpT,WT,pptase,,,,104.4949899182012,77.79500563093953
154,L7,pushpull,375,E+A,pptase_weak,L+A,,,ST,SpT,WT,pptase,,,,91.54703649560552,68.20700701745099
155,L7,pushpull,419,E+A,pptase_weak,L+A,,,ST,SpT,WT,pptase,,,,101.065782850237,74.76887518485057
156,L7,pushpull,375,E+E,pptase_weak,L+A,,,ST,SpT,WT,pptase,,,,91.1541345173573,68.41256441941711
157,L7,pushpull,419,E+E,pptase_weak,L+A,,,ST,SpT,WT,pptase,,,,96.4356547175177,73.05471368073987
158,L7,pushpull,375,kinase_non-binding,pptase_weak,L+A,,,ST,SpT,WT,pptase,,,,90.28976829248289,66.36913206297697
159,L7,pushpull,419,kinase_non-binding,pptase_weak,L+A,,,ST,SpT,WT,pptase,,,,89.99387951933082,67.57609027365419
160,L7,pushpull,375,L+A,pptase_weak,pptase_non-binding,,,ST,SpT,WT,pptase,,,,94.06919060330374,70.57151120894846
161,L7,pushpull,419,L+A,pptase_weak,pptase_non-binding,,,ST,SpT,WT,pptase,,,,103.86958472261122,77.44702562593145
162,L7,pushpull,375,E+A,pptase_weak,pptase_non-binding,,,ST,SpT,WT,pptase,,,,91.88568241644407,69.2068949138742
163,L7,pushpull,419,E+A,pptase_weak,pptase_non-binding,,,ST,SpT,WT,pptase,,,,103.40405447308599,75.74088853310546
164,L7,pushpull,375,E+E,pptase_weak,pptase_non-binding,,,ST,SpT,WT,pptase,,,,90.8469217846313,68.70046000761066
165,L7,pushpull,419,E+E,pptase_weak,pptase_non-binding,,,ST,SpT,WT,pptase,,,,97.22403915483467,72.46991686456167
166,L7,pushpull,375,kinase_non-binding,pptase_weak,pptase_non-binding,,,ST,SpT,WT,pptase,,,,89.6917993438559,66.77339975684961
167,L7,pushpull,419,kinase_non-binding,pptase_weak,pptase_non-binding,,,ST,SpT,WT,pptase,,,,92.34374599794184,69.15828935884628
168,L3,pushpull,375,L+A,pptase_wt,L+A,,,ST,SpT,WT,pptase,,,,113.96161305053432,81.73982617416617
169,L3,pushpull,419,L+A,pptase_wt,L+A,,,ST,SpT,WT,pptase,,,,208.072833332188,114.49591357359864
170,L3,pushpull,375,E+A,pptase_wt,L+A,,,ST,SpT,WT,pptase,,,,115.31240793254358,80.76323110991447
171,L3,pushpull,419,E+A,pptase_wt,L+A,,,ST,SpT,WT,pptase,,,,185.17993593338483,108.43895110051082
172,L3,pushpull,375,E+E,pptase_wt,L+A,,,ST,SpT,WT,pptase,,,,101.24181277672375,74.46576525277692
173,L3,pushpull,419,E+E,pptase_wt,L+A,,,ST,SpT,WT,pptase,,,,150.04480379128677,94.7253754206034
174,L3,pushpull,375,kinase_non-binding,pptase_wt,L+A,,,ST,SpT,WT,pptase,,,,94.11594852621181,70.95512808501829
175,L3,pushpull,419,kinase_non-binding,pptase_wt,L+A,,,ST,SpT,WT,pptase,,,,100.42600284190148,74.66463805147387
176,L3,pushpull,375,L+A,pptase_wt,pptase_non-binding,,,ST,SpT,WT,pptase,,,,116.66455992327909,81.99732920897355
177,L3,pushpull,419,L+A,pptase_wt,pptase_non-binding,,,ST,SpT,WT,pptase,,,,218.2204235651421,116.4752995804501
178,L3,pushpull,375,E+A,pptase_wt,pptase_non-binding,,,ST,SpT,WT,pptase,,,,111.99448647847917,80.8468943323169
179,L3,pushpull,419,E+A,pptase_wt,pptase_non-binding,,,ST,SpT,WT,pptase,,,,219.76180901262984,108.9021315730783
180,L3,pushpull,375,E+E,pptase_wt,pptase_non-binding,,,ST,SpT,WT,pptase,,,,105.44774573783177,76.52454242498035
181,L3,pushpull,419,E+E,pptase_wt,pptase_non-binding,,,ST,SpT,WT,pptase,,,,152.8975139097689,94.5258173940017
182,L3,pushpull,375,kinase_non-binding,pptase_wt,pptase_non-binding,,,ST,SpT,WT,pptase,,,,92.72337029701524,69.40359949314464
183,L3,pushpull,419,kinase_non-binding,pptase_wt,pptase_non-binding,,,ST,SpT,WT,pptase,,,,101.39830575842348,74.0579310002966
184,L3,pushpull,375,L+A,pptase_weak,L+A,,,ST,SpT,WT,pptase,,,,114.22680794590863,82.21954003554906
185,L3,pushpull,419,L+A,pptase_weak,L+A,,,ST,SpT,WT,pptase,,,,207.61411311366544,115.01144644141759
186,L3,pushpull,375,E+A,pptase_weak,L+A,,,ST,SpT,WT,pptase,,,,109.79805066052866,80.42246451570493
187,L3,pushpull,419,E+A,pptase_weak,L+A,,,ST,SpT,WT,pptase,,,,190.5825088812493,109.77872758181087
188,L3,pushpull,375,E+E,pptase_weak,L+A,,,ST,SpT,WT,pptase,,,,103.83187531302774,76.94935315100231
189,L3,pushpull,419,E+E,pptase_weak,L+A,,,ST,SpT,WT,pptase,,,,151.4169513234826,95.4358336566631
190,L3,pushpull,375,kinase_non-binding,pptase_weak,L+A,,,ST,SpT,WT,pptase,,,,92.98236622079479,69.61639360287526
191,L3,pushpull,419,kinase_non-binding,pptase_weak,L+A,,,ST,SpT,WT,pptase,,,,101.79020003835365,73.54154634514705
192,L3,pushpull,375,L+A,pptase_weak,pptase_non-binding,,,ST,SpT,WT,pptase,,,,114.44870471237193,83.06440244435527
193,L3,pushpull,419,L+A,pptase_weak,pptase_non-binding,,,ST,SpT,WT,pptase,,,,203.68884335295553,112.91854074318121
194,L3,pushpull,375,E+A,pptase_weak,pptase_non-binding,,,ST,SpT,WT,pptase,,,,110.60346457830695,80.73097222599668
195,L3,pushpull,419,E+A,pptase_weak,pptase_non-binding,,,ST,SpT,WT,pptase,,,,190.81225395323932,108.27827395366472
196,L3,pushpull,375,E+E,pptase_weak,pptase_non-binding,,,ST,SpT,WT,pptase,,,,103.15603760827757,75.84979675644654
197,L3,pushpull,419,E+E,pptase_weak,pptase_non-binding,,,ST,SpT,WT,pptase,,,,150.94403156383643,95.00526338620057
198,L3,pushpull,375,kinase_non-binding,pptase_weak,pptase_non-binding,,,ST,SpT,WT,pptase,,,,94.07078888388646,70.36300551949991
199,L3,pushpull,419,kinase_non-binding,pptase_weak,pptase_non-binding,,,ST,SpT,WT,pptase,,,,100.69336449975991,74.30023003751856
200,L3,pushpull,375,L+A,pptase_wt,L+A,,,ST,SpT,WT,pptase,,,,115.55294406222748,81.91201430054737
201,L3,pushpull,419,L+A,pptase_wt,L+A,,,ST,SpT,WT,pptase,,,,199.284704769175,114.28029795904177
202,L3,pushpull,375,E+A,pptase_wt,L+A,,,ST,SpT,WT,pptase,,,,113.71332551372468,81.31617557426198
203,L3,pushpull,419,E+A,pptase_wt,L+A,,,ST,SpT,WT,pptase,,,,193.559789419684,109.31627507301661
204,L3,pushpull,375,E+E,pptase_wt,L+A,,,ST,SpT,WT,pptase,,,,106.84857251926407,77.01429579396215
205,L3,pushpull,419,E+E,pptase_wt,L+A,,,ST,SpT,WT,pptase,,,,157.15673709470175,95.59115482833057
206,L3,pushpull,375,kinase_non-binding,pptase_wt,L+A,,,ST,SpT,WT,pptase,,,,93.07432373681283,70.12012707091004
207,L3,pushpull,419,kinase_non-binding,pptase_wt,L+A,,,ST,SpT,WT,pptase,,,,102.07253659077483,74.16179364440553
208,L3,pushpull,375,L+A,pptase_wt,pptase_non-binding,,,ST,SpT,WT,pptase,,,,115.2589482796259,82.8861791627687
209,L3,pushpull,419,L+A,pptase_wt,pptase_non-binding,,,ST,SpT,WT,pptase,,,,206.2950107489616,114.53022535621457
210,L3,pushpull,375,E+A,pptase_wt,pptase_non-binding,,,ST,SpT,WT,pptase,,,,109.79954005132616,79.8749161435898
211,L3,pushpull,419,E+A,pptase_wt,pptase_non-binding,,,ST,SpT,WT,pptase,,,,195.41508472183068,108.57143438441939
212,L3,pushpull,375,E+E,pptase_wt,pptase_non-binding,,,ST,SpT,WT,pptase,,,,106.3167349201827,77.03561520202975
213,L3,pushpull,419,E+E,pptase_wt,pptase_non-binding,,,ST,SpT,WT,pptase,,,,144.84662891748437,93.62371089487661
214,L3,pushpull,375,kinase_non-binding,pptase_wt,pptase_non-binding,,,ST,SpT,WT,pptase,,,,93.5359740947754,69.53905736875579
215,L3,pushpull,419,kinase_non-binding,pptase_wt,pptase_non-binding,,,ST,SpT,WT,pptase,,,,101.70187428282827,74.21386223250448
216,L3,pushpull,375,L+A,pptase_weak,L+A,,,ST,SpT,WT,pptase,,,,117.50912024529333,84.29158722794855
217,L3,pushpull,419,L+A,pptase_weak,L+A,,,ST,SpT,WT,pptase,,,,216.1029203854282,115.70301651955583
218,L3,pushpull,375,E+A,pptase_weak,L+A,,,ST,SpT,WT,pptase,,,,111.06270442345928,81.2894579105936
219,L3,pushpull,419,E+A,pptase_weak,L+A,,,ST,SpT,WT,pptase,,,,187.3511849873533,110.79701717761775
220,L3,pushpull,375,E+E,pptase_weak,L+A,,,ST,SpT,WT,pptase,,,,103.62003995278472,76.01165279174565
221,L3,pushpull,419,E+E,pptase_weak,L+A,,,ST,SpT,WT,pptase,,,,147.13239103687687,95.46514332864258
222,L3,pushpull,375,kinase_non-binding,pptase_weak,L+A,,,ST,SpT,WT,pptase,,,,93.88040193959584,70.34374675088708
223,L3,pushpull,419,kinase_non-binding,pptase_weak,L+A,,,ST,SpT,WT,pptase,,,,100.62863567144626,74.10580882641568
224,L3,pushpull,375,L+A,pptase_weak,pptase_non-binding,,,ST,SpT,WT,pptase,,,,112.34797279076781,81.75588305044232
225,L3,pushpull,419,L+A,pptase_weak,pptase_non-binding,,,ST,SpT,WT,pptase,,,,195.29793961038615,111.2191536870214
226,L3,pushpull,375,E+A,pptase_weak,pptase_non-binding,,,ST,SpT,WT,pptase,,,,108.54278368501251,80.6407517680327
227,L3,pushpull,419,E+A,pptase_weak,pptase_non-binding,,,ST,SpT,WT,pptase,,,,200.51285502800064,109.61033188589555
228,L3,pushpull,375,E+E,pptase_weak,pptase_non-binding,,,ST,SpT,WT,pptase,,,,105.61333464931539,76.70062840878015
229,L3,pushpull,419,E+E,pptase_weak,pptase_non-binding,,,ST,SpT,WT,pptase,,,,152.020098482497,95.43614775498598
230,L3,pushpull,375,kinase_non-binding,pptase_weak,pptase_non-binding,,,ST,SpT,WT,pptase,,,,92.96186343402498,69.61364486266442
231,L3,pushpull,419,kinase_non-binding,pptase_weak,pptase_non-binding,,,ST,SpT,WT,pptase,,,,101.10975319644292,73.54687376530279
